{
  "CommandHelpMessage": {
    "message": "Open de Distant Seas-weergave.",
    "description": "Displayed in the Plugin Installer as the description for the /pseas command."
  },
  "TimeDay": {
    "message": "Dag",
    "description": "A time of day. Displayed in the Schedules section, and on a tooltip in the overlay."
  },
  "TimeSunset": {
    "message": "Zonsondergang",
    "description": "A time of day. Displayed in the Schedules section, and on a tooltip in the overlay."
  },
  "TimeNight": {
    "message": "Nacht",
    "description": "A time of day. Displayed in the Schedules section, and on a tooltip in the overlay."
  },
  "VoyageMissionTypeShark": {
    "message": "Haai",
    "description": "A type of fish, used in voyage missions. Displayed on a tooltip in the overlay."
  },
  "VoyageMissionTypeJellyfish": {
    "message": "Kwal",
    "description": "A type of fish, used in voyage missions. Displayed on a tooltip in the overlay."
  },
  "VoyageMissionTypeCrab": {
    "message": "Krab",
    "description": "A type of fish, used in voyage missions. Displayed on a tooltip in the overlay."
  },
  "VoyageMissionTypeFugu": {
    "message": "Kogelvis",
    "description": "A type of fish, used in voyage missions. Displayed on a tooltip in the overlay."
  },
  "VoyageMissionTypeSquid": {
    "message": "Inktvis",
    "description": "A type of fish, used in voyage missions. Displayed on a tooltip in the overlay."
  },
  "VoyageMissionTypeShrimp": {
    "message": "Garnaal",
    "description": "A type of fish, used in voyage missions. Displayed on a tooltip in the overlay."
  },
  "VoyageMissionTypeShellfish": {
    "message": "Schelpdier",
    "description": "A type of fish, used in voyage missions. Displayed on a tooltip in the overlay."
  },
  "ZoneText": {
    "message": "Zone {0}",
    "description": "Displayed in the overlay, to the right of the zone name. The input is a number between 1 and 3."
  },
  "ZoneHoverText": {
    "message": "Klik voor informatie van andere zones. Weersinformatie (en daardoor ook gesuggereerde vissen) zijn mogelijk niet accuraat.",
    "description": "Displayed in the overlay, when hovering over the current zone."
  },
  "OverlayWindowSpectralHeader": {
    "message": "Spectraal",
    "description": "Displayed in the overlay."
  },
  "OverlayWindowIntuitionHeader": {
    "message": "Intuïtie",
    "description": "Displayed in the overlay."
  },
  "OverlayWindowVoyageHeader": {
    "message": "Reis",
    "description": "Displayed in the overlay."
  },
  "OverlayWindowNormalHeader": {
    "message": "Alles",
    "description": "Displayed in the overlay."
  },
  "OverlayIntTime": {
    "message": "Intuïtie is nodig om deze vis te vangen. Het intuïtie-effect duurt {0} seconden.",
    "description": "Displayed in the overlay."
  },
  "OverlayTooltipBiteTime": {
    "message": "Bijt tijd: {0}",
    "description": "Displayed in a tooltip in the overlay."
  },
  "OverlayTooltipBitePower": {
    "message": "Bijt kracht: {0}",
    "description": "Displayed in a tooltip in the overlay."
  },
  "OverlayTooltipStars": {
    "message": "Sterren: {0}",
    "description": "Displayed in a tooltip in the overlay."
  },
  "OverlayTooltipVoyageMissionType": {
    "message": "Reis missietype: {0}",
    "description": "Displayed in a tooltip in the overlay."
  },
  "OverlayTooltipBaitSwitch": {
    "message": "Klik om te veranderen naar dit soort aas.",
    "description": "Displayed in a tooltip in the overlay."
  },
  "AboutSection": {
    "message": "Over",
    "description": "The name of a section, displayed on the left sidebar of the main window."
  },
  "AboutSectionHeader": {
    "message": "Distant Seas, door NotNite",
    "description": "Displayed in the About tab."
  },
  "AboutSectionVersion": {
    "message": "Versie {0}",
    "description": "Displayed in the About tab."
  },
  "AboutSectionButtonGitHub": {
    "message": "Open source code/problemen",
    "description": "Displayed on a clickable button at the bottom of the About tab."
  },
  "AboutSectionButtonDonate": {
    "message": "Doneer aan de pluginontwikkelaar",
    "description": "Displayed on a clickable button at the bottom of the About tab."
  },
  "AboutSectionDescriptionStart": {
    "message": "Distant Seas zou niet mogelijk zijn zonder deze mensen:",
    "description": "Displayed in the About tab."
  },
  "AboutSectionPohky": {
    "message": "Pohky, voor hulp met het reverse-engineeren van Oceaanvissen",
    "description": "Displayed in a bullet point in the About tab."
  },
  "AboutSectionTyoto": {
    "message": "Tyo'to Tayuun, voor de spreadsheet over Oceaanvissen",
    "description": "Displayed in a bullet point in the About tab."
  },
  "AboutSectionPillowfication": {
    "message": "pillowfication, voor de website over Oceaanvissen",
    "description": "Displayed in a bullet point in the About tab."
  },
  "AboutSectionFishcord": {
    "message": "Leden van de Fisherman's Horizon Discord-server, voor hun kennis over vissen",
    "description": "Displayed in a bullet point in the About tab."
  },
  "AboutSectionGoatPlace": {
    "message": "Leden van de XIVLauncher & Dalamud Discord-server, voor hun kennis over software ontwikkeling",
    "description": "Displayed in a bullet point in the About tab."
  },
  "AboutSectionTranslators": {
    "message": "Speciale dank aan de volgende vertalers:",
    "description": "Displayed in a bullet point in the About tab."
  },
  "JournalSection": {
    "message": "Logboek",
    "description": "Displayed in the Journal section, most likely on a button or table header."
  },
  "JournalActive": {
    "message": "De huidige boot wordt actief gevolgd in het logboek.",
    "description": "Displayed at the top of the Journal section."
  },
  "JournalEnabled": {
    "message": "Het logboek is aangezet, maar er wordt geen boot gevolgd.",
    "description": "Displayed at the top of the Journal section."
  },
  "JournalDisabled": {
    "message": "Het logboek staat uit.",
    "description": "Displayed at the top of the Journal section."
  },
  "JournalSectionRefresh": {
    "message": "Ververs",
    "description": "Displayed in the Journal section, most likely on a button or table header."
  },
  "JournalSectionDate": {
    "message": "Datum",
    "description": "Displayed in the Journal section, most likely on a button or table header."
  },
  "JournalSectionRoute": {
    "message": "Route",
    "description": "Displayed in the Journal section, most likely on a button or table header."
  },
  "JournalSectionTime": {
    "message": "Tijd",
    "description": "Displayed in the Journal section, most likely on a button or table header."
  },
  "JournalSectionPoints": {
    "message": "Punten",
    "description": "Displayed in the Journal section, most likely on a button or table header."
  },
  "JournalSectionSpectrals": {
    "message": "Spectralen",
    "description": "Displayed in the Journal section, most likely on a button or table header."
  },
  "JournalSectionButtons": {
    "message": "Knoppen",
    "description": "Displayed in the Journal section, most likely on a button or table header."
  },
  "JournalSectionButtonDelete": {
    "message": "Verwijder",
    "description": "Displayed in the Journal section, most likely on a button or table header."
  },
  "JournalSectionButtonDeleteTooltip": {
    "message": "Dit kan niet worden teruggedraaid. Houd Control ingedrukt op deze knop te activeren.",
    "description": "Displayed in the Journal section, most likely on a button or table header."
  },
  "LeaderboardSection": {
    "message": "Scorebord",
    "description": "Displayed in the Leaderboard section."
  },
  "LeaderboardSectionSoon": {
    "message": "binnenkort:tm:",
    "description": "Displayed in the Leaderboard section."
  },
  "LeaderboardSectionSoon2": {
    "message": "Het scoreboard is nog onder ontwikkeling - zet je schrap!",
    "description": "Displayed in the Leaderboard section."
  },
  "ProgressSection": {
    "message": "Vooruitgang",
    "description": "Displayed in the Progress section, most likely on a table header."
  },
  "ProgressSectionHeadsUp": {
    "message": "Klopt er iets niet? Open het Achievements-menu om afrondingsdata te synchroniseren, en selecteer dan On a Boat V om het aantal punten te synchroniseren.",
    "description": "Displayed in the Progress section, most likely on a table header."
  },
  "ProgressSectionCompleted": {
    "message": "Afgerond",
    "description": "Displayed in the Progress section, most likely on a table header."
  },
  "ProgressSectionIcon": {
    "message": "Icoon",
    "description": "Displayed in the Progress section, most likely on a table header."
  },
  "ProgressSectionName": {
    "message": "Naam",
    "description": "Displayed in the Progress section, most likely on a table header."
  },
  "ProgressSectionDescription": {
    "message": "Beschrijving",
    "description": "Displayed in the Progress section, most likely on a table header."
  },
  "SchedulesSection": {
    "message": "Schema's",
    "description": "Displayed in the Schedules section, most likely on a table header."
  },
  "SchedulesSectionRoute": {
    "message": "Route",
    "description": "Displayed in the Schedules section, most likely on a table header."
  },
  "SchedulesSectionAmount": {
    "message": "Aantal schema's om weer te geven",
    "description": "Displayed in the Schedules section, most likely on a table header."
  },
  "SchedulesSectionTime": {
    "message": "Tijd",
    "description": "Displayed in the Schedules section, most likely on a table header."
  },
  "SchedulesSectionDate": {
    "message": "Datum",
    "description": "Displayed in the Schedules section, most likely on a table header."
  },
  "RelativeDatePast": {
    "message": "in het verleden",
    "description": "Displayed in the Schedules section, representing a relative date. The input is a number."
  },
  "RelativeDateBoarding": {
    "message": "nu instappen",
    "description": "Displayed in the Schedules section, representing a relative date. The input is a number."
  },
  "RelativeDateSeconds": {
    "message": "over {0} seconden",
    "description": "Displayed in the Schedules section, representing a relative date. The input is a number."
  },
  "RelativeDateMinutes": {
    "message": "over {0} minuten",
    "description": "Displayed in the Schedules section, representing a relative date. The input is a number."
  },
  "RelativeDateHours": {
    "message": "over {0} uren",
    "description": "Displayed in the Schedules section, representing a relative date. The input is a number."
  },
  "RelativeDateDays": {
    "message": "over {0} dagen",
    "description": "Displayed in the Schedules section, representing a relative date. The input is a number."
  },
  "SettingsSection": {
    "message": "Instellingen",
    "description": "The name of a section, displayed on the left sidebar of the main window."
  },
  "SettingsShowOverlay": {
    "message": "Laat overlay zien",
    "description": "Displayed in the Settings tab - most likely a label accompanied by a configurable option."
  },
  "SettingsShowOverlayDescription": {
    "message": "Tijdens het Oceaanvissen, laat een overlay zien met informatie over de huidige boot.",
    "description": "Displayed in the Settings tab, as a help label next to a configurable option."
  },
  "SettingsAlarmEnabled": {
    "message": "Zet alarm aan",
    "description": "Displayed in the Settings tab - most likely a label accompanied by a configurable option."
  },
  "SettingsAlarmEnabledDescription": {
    "message": "Stuurt een bericht in chat (en speel optioneel ook een geluid af) voor de volgende boot.",
    "description": "Displayed in the Settings tab, as a help label next to a configurable option."
  },
  "SettingsJournalEnabled": {
    "message": "Zet logboek aan",
    "description": "Displayed in the Settings tab - most likely a label accompanied by a configurable option."
  },
  "SettingsJournalEnabledDescription": {
    "message": "Slaat logs op over elke boot waar je op zit. Uitzetten verwijdert geen oude logs.",
    "description": "Displayed in the Settings tab, as a help label next to a configurable option."
  },
  "SettingsOceanFishingBaitsOnly": {
    "message": "Voorkeur op aas van Oceaanvissen",
    "description": "Displayed in the Settings tab - most likely a label accompanied by a configurable option."
  },
  "SettingsOceanFishingBaitsOnlyDescription": {
    "message": "Legt voorkeur op Ragworm, Krill, en Plump Worm als aas wanneer mogelijk.",
    "description": "Displayed in the Settings tab, as a help label next to a configurable option."
  },
  "SettingsPreferDynamicSuggestions": {
    "message": "Legt voorkeur op dynamische suggesties",
    "description": "Displayed in the Settings tab - most likely a label accompanied by a configurable option."
  },
  "SettingsPreferDynamicSuggestionsDescription": {
    "message": "Gebruik aas op basis van minste tijdsoverlap in plaats van community-suggesties. Zal waarschijnlijk minder accuraat zijn.",
    "description": "Displayed in the Settings tab, as a help label next to a configurable option."
  },
  "SettingsLockOverlay": {
    "message": "Versleutel overlay",
    "description": "Displayed in the Settings tab - most likely a label accompanied by a configurable option."
  },
  "SettingsHideVanillaOverlay": {
    "message": "Verberg originele overlay",
    "description": "Displayed in the Settings tab - most likely a label accompanied by a configurable option."
  },
  "SettingsHideVanillaOverlayDescription": {
    "message": "Verbergt het vislogboek en de reismissies van het spel zelf.",
    "description": "Displayed in the Settings tab, as a help label next to a configurable option."
  },
  "SettingsScrollFish": {
    "message": "Voeg schuifbalk toe aan vissen",
    "description": "Displayed in the Settings tab - most likely a label accompanied by a configurable option."
  },
  "SettingsSortFish": {
    "message": "Groepeer vissen op basis van soort",
    "description": "Displayed in the Settings tab - most likely a label accompanied by a configurable option."
  },
  "SettingsSortFishDescription": {
    "message": "Groepeert vissen in tabbladen.",
    "description": "Displayed in the Settings tab, as a help label next to a configurable option."
  },
  "SettingsDrawVoyageMissions": {
    "message": "Laat reismissies zien",
    "description": "Displayed in the Settings tab - most likely a label accompanied by a configurable option."
  },
  "SettingsHideFinishedMissions": {
    "message": "Verberg afgeronde reismissies",
    "description": "Displayed in the Settings tab - most likely a label accompanied by a configurable option."
  },
  "SettingsDrawFishNames": {
    "message": "Laat namen van vissen zien",
    "description": "Displayed in the Settings tab - most likely a label accompanied by a configurable option."
  },
  "SettingsDrawFishRanges": {
    "message": "Laat bijt tijden van vissen zien",
    "description": "Displayed in the Settings tab - most likely a label accompanied by a configurable option."
  },
  "SettingsDrawIntTimes": {
    "message": "Laat intuïtieduren zien",
    "description": "Displayed in the Settings tab - most likely a label accompanied by a configurable option."
  },
  "SettingsDrawIntTimesDescription": {
    "message": "Voor vissen waarbij intuïtie nodig is, laat de duur van intuïtie naast het icoon van de vis zien.",
    "description": "Displayed in the Settings tab, as a help label next to a configurable option."
  },
  "SettingsDrawFishPoints": {
    "message": "Laat gemiddelde punten van vissen zien",
    "description": "Displayed in the Settings tab - most likely a label accompanied by a configurable option."
  },
  "SettingsDrawFishPointsDescription": {
    "message": "Laat het maximum aantal punten zien die verkrijgbaar zijn per vis. Dit is het product van de maximum opbrengst van de vis en het gemiddelde aantal punten.",
    "description": "Displayed in the Settings tab, as a help label next to a configurable option."
  },
  "SettingsDrawSpectralColors": {
    "message": "Verander kleur in spectrale stromingen",
    "description": "Displayed in the Settings tab - most likely a label accompanied by a configurable option."
  },
  "SettingsDrawSpectralColorsDescription": {
    "message": "Laat visueel zien dat je in een spectrale stroming zit door de achtergrondskleur blauwer te maken.",
    "description": "Displayed in the Settings tab, as a help label next to a configurable option."
  },
  "SettingsAlarmMinutes": {
    "message": "Minuten van te voren om af te gaan",
    "description": "Displayed in the Settings tab - most likely a label accompanied by a configurable option."
  },
  "SettingsAlarmSoundEnabled": {
    "message": "Speel geluid af",
    "description": "Displayed in the Settings tab - most likely a label accompanied by a configurable option."
  },
  "SettingsAlarmSound": {
    "message": "Geluid",
    "description": "Displayed in the Settings tab - most likely a label accompanied by a configurable option."
  },
  "SettingsAlarmSoundDescription": {
    "message": "Het geluid dat afgespeeld wordt wanneer de alarm afgaat. Deze zijn hetzelfde als de <se.X> geluiden in chat.",
    "description": "Displayed in the Settings tab, as a help label next to a configurable option."
  },
  "AlarmMessage": {
    "message": "[Distant Seas] Volgende route over {0} minuten.",
    "description": "Displayed in the chat window when the alarm goes off."
  }
}