{
  "Author": "haavis",
  "Name": "Varangerfjorden",
  "InternalName": "Varangerfjorden",
  "AssemblyVersion": "1.1.0.10",
  "Description": "The ultimate Ocean Fishing plugin. Automatically suggests baits, logs each boat you're on, tracks progress to achievements, adds a global point leaderboard, and more!",
  "ApplicableVersion": "any",
  "RepoUrl": "https://github.com/haavis/varangerfjorden",
  "Tags": [
    "ocean",
    "fishing"
  ],
  "DalamudApiLevel": 14,
  "LoadRequiredState": 0,
  "LoadSync": false,
  "CanUnloadAsync": false,
  "LoadPriority": 0,
  "IconUrl": "https://raw.githubusercontent.com/haavis/varangerfjorden/main/Data/icon.png",
  "Punchline": "The ultimate Ocean Fishing plugin.",
  "AcceptsFeedback": true
}